1,Melissa,Molina,56910000002,gimnasta
8,Patrick,Molina,56910000009,gimnasta
19,Kathryn,Molina,56910000020,riesgo
20,Anna,Molina,56910000021,conductor
28,Nancy,Molina,56910000029,conductor
29,Theresa,Molina,56910000030,gimnasta
30,Carol,Molina,56910000031,riesgo
33,Kevin,Molina,56910000034,riesgo
34,Maria,Molina,56910000035,conductor
37,Dorothy,Molina,56910000038,riesgo
41,Robert,Molina,56910000042,artista marcial
45,Shawn,Molina,56910000046,riesgo
68,Antonio,Molina,56910000069,riesgo
71,Dennis,Molina,56910000072,gimnasta
72,Brian,Molina,56910000073,conductor
81,Jeremy,Molina,56910000082,riesgo
85,Betty,Molina,56910000086,artista marcial
94,Douglas,Molina,56910000095,riesgo
100,Edward,Molina,56910000101,riesgo
