1,Melissa,Molina,569 1
2,Marilyn,Molina,569 1
3,Kathleen,Molina,569 1
4,Jose,Molina,569 1
5,Andrea,Molina,569 1
6,Juan,Molina,569 1
7,Julie,Molina,569 1
8,Mary,Molina,569 1
9,Shawn,Molina,569 1
10,Amanda,Molina,569 1
11,Joseph,Molina,569 1
12,Andrew,Molina,569 1
13,John,Molina,569 1
14,Gregory,Molina,569 1
15,Angela,Molina,569 1
16,Helen,Molina,569 1
17,Amy,Molina,569 1
18,Linda,Molina,569 1
19,Ryan,Molina,569 1
20,Kathryn,Molina,569 1
21,Alan,Molina,569 1
22,Eugene,Molina,569 1
23,Andrew,Molina,569 1
24,Anne,Molina,569 1
25,Bonnie,Molina,569 1
26,Janice,Molina,569 1
27,Sharon,Molina,569 1
28,Clarence,Molina,569 1
29,Cheryl,Molina,569 1
30,Nancy,Molina,569 1
31,Bruce,Molina,569 1
32,Christina,Molina,569 1
33,Carol,Molina,569 1
34,Walter,Molina,569 1
35,Juan,Molina,569 1
36,Susan,Molina,569 1
37,Ryan,Molina,569 1
38,Maria,Molina,569 1
39,Harry,Molina,569 1
40,Jose,Molina,569 1
41,Louise,Molina,569 1
42,Eric,Molina,569 1
43,Debra,Molina,569 1
44,Teresa,Molina,569 1
45,Ruby,Molina,569 1
46,Robert,Molina,569 1
47,Jessica,Molina,569 1
48,Katherine,Molina,569 1
49,Paul,Molina,569 1
50,Joan,Molina,569 1
51,Clarence,Molina,569 1
52,Brandon,Molina,569 1
53,Eugene,Molina,569 1
54,Irene,Molina,569 1
55,Harold,Molina,569 1
56,Karen,Molina,569 1
57,Carlos,Molina,569 1
58,Willie,Molina,569 1
59,Denise,Molina,569 1
60,Mary,Molina,569 1
61,Emily,Molina,569 1
62,Jack,Molina,569 1
63,Andrew,Molina,569 1
64,Eric,Molina,569 1
65,Shawn,Molina,569 1
66,Roy,Molina,569 1
67,Bobby,Molina,569 1
68,Lawrence,Molina,569 1
69,Lawrence,Molina,569 1
70,Bonnie,Molina,569 1
71,Lisa,Molina,569 1
72,Linda,Molina,569 1
73,Jesse,Molina,569 1
74,Antonio,Molina,569 1
75,Brian,Molina,569 1
76,Kelly,Molina,569 1
77,Shirley,Molina,569 1
78,Clarence,Molina,569 1
79,Brian,Molina,569 1
80,Raymond,Molina,569 1
81,Jennifer,Molina,569 1
82,Debra,Molina,569 1
83,Alan,Molina,569 1
84,Ronald,Molina,569 1
85,Carl,Molina,569 1
86,Gregory,Molina,569 1
87,Joyce,Molina,569 1
88,Sarah,Molina,569 1
89,Chris,Molina,569 1
90,Sara,Molina,569 1
91,Steven,Molina,569 1
92,Amanda,Molina,569 1
93,Betty,Molina,569 1
94,Debra,Molina,569 1
95,Walter,Molina,569 1
96,Brandon,Molina,569 1
97,Craig,Molina,569 1
98,Debra,Molina,569 1
99,Justin,Molina,569 1
100,Irene,Molina,569 1
